<?xml version="1.0" encoding="UTF-8"?>
<!DOCTYPE mapper PUBLIC "-//mybatis.org//DTD Mapper 3.0//EN" "http://mybatis.org/dtd/mybatis-3-mapper.dtd">
<mapper namespace="com.xiyuan.demo.dao.SysDictPojoMapper">
    <resultMap id="BaseResultMap" type="com.xiyuan.demo.entity.pojo.SysDictPojo">
        <id column="code" jdbcType="VARCHAR" property="code"/>
        <result column="type_code" jdbcType="VARCHAR" property="typeCode"/>
        <result column="name" jdbcType="VARCHAR" property="name"/>
        <result column="value" jdbcType="INTEGER" property="value"/>
        <result column="fixed" jdbcType="INTEGER" property="fixed"/>
        <result column="creater" jdbcType="VARCHAR" property="creater"/>
        <result column="create_time" jdbcType="TIMESTAMP" property="createTime"/>
        <result column="updater" jdbcType="VARCHAR" property="updater"/>
        <result column="update_time" jdbcType="TIMESTAMP" property="updateTime"/>
    </resultMap>
    <sql id="Base_Column_List">
    code, type_code, name, value, fixed, creater, create_time, updater, update_time
  </sql>

    <select id="selectByPrimaryKey" parameterType="java.lang.String" resultMap="BaseResultMap">
        select
        <include refid="Base_Column_List" />
        from SYS_DICT
        where code = #{code,jdbcType=VARCHAR}
    </select>
    <delete id="deleteByPrimaryKey" parameterType="java.lang.String">
    delete from SYS_DICT
    where code = #{code,jdbcType=VARCHAR}
  </delete>
    <insert id="insert" parameterType="com.xiyuan.demo.entity.pojo.SysDictPojo">
    insert into SYS_DICT (code, type_code, name,
      value, fixed, creater,
      create_time, updater, update_time
      )
    values (#{code,jdbcType=VARCHAR}, #{typeCode,jdbcType=VARCHAR}, #{name,jdbcType=VARCHAR},
      #{value,jdbcType=INTEGER}, #{fixed,jdbcType=INTEGER}, #{creater,jdbcType=VARCHAR},
      #{createTime,jdbcType=TIMESTAMP}, #{updater,jdbcType=VARCHAR}, #{updateTime,jdbcType=TIMESTAMP}
      )
  </insert>
    <insert id="insertSelective" parameterType="com.xiyuan.demo.entity.pojo.SysDictPojo">
        insert into SYS_DICT
        <trim prefix="(" suffix=")" suffixOverrides=",">
            <if test="code != null">
                code,
            </if>
            <if test="typeCode != null">
                type_code,
            </if>
            <if test="name != null">
                name,
            </if>
            <if test="value != null">
                value,
            </if>
            <if test="fixed != null">
                fixed,
            </if>
            <if test="creater != null">
                creater,
            </if>
            <if test="createTime != null">
                create_time,
            </if>
            <if test="updater != null">
                updater,
            </if>
            <if test="updateTime != null">
                update_time,
            </if>
        </trim>
        <trim prefix="values (" suffix=")" suffixOverrides=",">
            <if test="code != null">
                #{code,jdbcType=VARCHAR},
            </if>
            <if test="typeCode != null">
                #{typeCode,jdbcType=VARCHAR},
            </if>
            <if test="name != null">
                #{name,jdbcType=VARCHAR},
            </if>
            <if test="value != null">
                #{value,jdbcType=INTEGER},
            </if>
            <if test="fixed != null">
                #{fixed,jdbcType=INTEGER},
            </if>
            <if test="creater != null">
                #{creater,jdbcType=VARCHAR},
            </if>
            <if test="createTime != null">
                #{createTime,jdbcType=TIMESTAMP},
            </if>
            <if test="updater != null">
                #{updater,jdbcType=VARCHAR},
            </if>
            <if test="updateTime != null">
                #{updateTime,jdbcType=TIMESTAMP},
            </if>
        </trim>
    </insert>
    <update id="updateByPrimaryKeySelective" parameterType="com.xiyuan.demo.entity.pojo.SysDictPojo">
        update SYS_DICT
        <set>
            <if test="typeCode != null">
                type_code = #{typeCode,jdbcType=VARCHAR},
            </if>
            <if test="name != null">
                name = #{name,jdbcType=VARCHAR},
            </if>
            <if test="value != null">
                value = #{value,jdbcType=INTEGER},
            </if>
            <if test="fixed != null">
                fixed = #{fixed,jdbcType=INTEGER},
            </if>
            <if test="creater != null">
                creater = #{creater,jdbcType=VARCHAR},
            </if>
            <if test="createTime != null">
                create_time = #{createTime,jdbcType=TIMESTAMP},
            </if>
            <if test="updater != null">
                updater = #{updater,jdbcType=VARCHAR},
            </if>
            <if test="updateTime != null">
                update_time = #{updateTime,jdbcType=TIMESTAMP},
            </if>
        </set>
        where code = #{code,jdbcType=VARCHAR}
    </update>
    <update id="updateByPrimaryKey" parameterType="com.xiyuan.demo.entity.pojo.SysDictPojo">
    update SYS_DICT
    set type_code = #{typeCode,jdbcType=VARCHAR},
      name = #{name,jdbcType=VARCHAR},
      value = #{value,jdbcType=INTEGER},
      fixed = #{fixed,jdbcType=INTEGER},
      creater = #{creater,jdbcType=VARCHAR},
      create_time = #{createTime,jdbcType=TIMESTAMP},
      updater = #{updater,jdbcType=VARCHAR},
      update_time = #{updateTime,jdbcType=TIMESTAMP}
    where code = #{code,jdbcType=VARCHAR}
  </update>

</mapper>