<?xml version="1.0" encoding="UTF-8"?>
<!DOCTYPE mapper PUBLIC "-//mybatis.org//DTD Mapper 3.0//EN" "http://mybatis.org/dtd/mybatis-3-mapper.dtd">
<mapper namespace="com.xiyuan.demo.dao.SysDictTypePojoMapper">
    <resultMap id="BaseResultMap" type="com.xiyuan.demo.entity.pojo.SysDictTypePojo">
        <id column="code" jdbcType="VARCHAR" property="code"/>
        <result column="name" jdbcType="VARCHAR" property="name"/>
        <result column="value" jdbcType="VARCHAR" property="value"/>
        <result column="creater" jdbcType="VARCHAR" property="creater"/>
        <result column="create_time" jdbcType="TIMESTAMP" property="createTime"/>
        <result column="updater" jdbcType="VARCHAR" property="updater"/>
        <result column="updater_time" jdbcType="TIMESTAMP" property="updateTime"/>
    </resultMap>
    <sql id="Base_Column_List">
    code, name, value, creater, create_time, updater, updater_time
  </sql>


    <select id="initializationSysDict" resultType="com.xiyuan.demo.entity.pojo.TempSysDictPojo">
    select
    t1.value sysdictTypeValue,
    t2.name sysdictName,
    t2.value sysdictValue
    from SYS_DICT_TYPE t1
    left join SYS_DICT t2 on t2.type_code = t1.code
  </select>

    <select id="selectByPrimaryKey" parameterType="java.lang.String" resultMap="BaseResultMap">
        select
        <include refid="Base_Column_List" />
        from SYS_DICT_TYPE
        where code = #{code,jdbcType=VARCHAR}
    </select>
    <delete id="deleteByPrimaryKey" parameterType="java.lang.String">
    delete from SYS_DICT_TYPE
    where code = #{code,jdbcType=VARCHAR}
  </delete>
    <insert id="insert" parameterType="com.xiyuan.demo.entity.pojo.SysDictTypePojo">
    insert into SYS_DICT_TYPE (code, name, value,
      creater, create_time, updater,
      updater_time)
    values (#{code,jdbcType=VARCHAR}, #{name,jdbcType=VARCHAR}, #{value,jdbcType=VARCHAR},
      #{creater,jdbcType=VARCHAR}, #{createTime,jdbcType=TIMESTAMP}, #{updater,jdbcType=VARCHAR},
      #{updaterTime,jdbcType=TIMESTAMP})
  </insert>
    <insert id="insertSelective" parameterType="com.xiyuan.demo.entity.pojo.SysDictTypePojo">
        insert into SYS_DICT_TYPE
        <trim prefix="(" suffix=")" suffixOverrides=",">
            <if test="code != null">
                code,
            </if>
            <if test="name != null">
                name,
            </if>
            <if test="value != null">
                value,
            </if>
            <if test="creater != null">
                creater,
            </if>
            <if test="createTime != null">
                create_time,
            </if>
            <if test="updater != null">
                updater,
            </if>
            <if test="updaterTime != null">
                updater_time,
            </if>
        </trim>
        <trim prefix="values (" suffix=")" suffixOverrides=",">
            <if test="code != null">
                #{code,jdbcType=VARCHAR},
            </if>
            <if test="name != null">
                #{name,jdbcType=VARCHAR},
            </if>
            <if test="value != null">
                #{value,jdbcType=VARCHAR},
            </if>
            <if test="creater != null">
                #{creater,jdbcType=VARCHAR},
            </if>
            <if test="createTime != null">
                #{createTime,jdbcType=TIMESTAMP},
            </if>
            <if test="updater != null">
                #{updater,jdbcType=VARCHAR},
            </if>
            <if test="updaterTime != null">
                #{updaterTime,jdbcType=TIMESTAMP},
            </if>
        </trim>
    </insert>
    <update id="updateByPrimaryKeySelective" parameterType="com.xiyuan.demo.entity.pojo.SysDictTypePojo">
        update SYS_DICT_TYPE
        <set>
            <if test="name != null">
                name = #{name,jdbcType=VARCHAR},
            </if>
            <if test="value != null">
                value = #{value,jdbcType=VARCHAR},
            </if>
            <if test="creater != null">
                creater = #{creater,jdbcType=VARCHAR},
            </if>
            <if test="createTime != null">
                create_time = #{createTime,jdbcType=TIMESTAMP},
            </if>
            <if test="updater != null">
                updater = #{updater,jdbcType=VARCHAR},
            </if>
            <if test="updaterTime != null">
                updater_time = #{updaterTime,jdbcType=TIMESTAMP},
            </if>
        </set>
        where code = #{code,jdbcType=VARCHAR}
    </update>
    <update id="updateByPrimaryKey" parameterType="com.xiyuan.demo.entity.pojo.SysDictTypePojo">
    update SYS_DICT_TYPE
    set name = #{name,jdbcType=VARCHAR},
      value = #{value,jdbcType=VARCHAR},
      creater = #{creater,jdbcType=VARCHAR},
      create_time = #{createTime,jdbcType=TIMESTAMP},
      updater = #{updater,jdbcType=VARCHAR},
      updater_time = #{updaterTime,jdbcType=TIMESTAMP}
    where code = #{code,jdbcType=VARCHAR}
  </update>
</mapper>